{
    "rmse": 0.6993467014165212,
    "mae": 0.5563522359355696,
    "r2": 0.240247678082826
}