{
    "rmse": 0.6871434300836988,
    "mae": 0.5486617814450284,
    "r2": 0.2220034709059301
}